id,uuid,observed_on_string,observed_on,time_observed_at,time_zone,user_id,user_login,user_name,created_at,updated_at,quality_grade,license,url,image_url,sound_url,tag_list,description,num_identification_agreements,num_identification_disagreements,captive_cultivated,oauth_application_id,place_guess,latitude,longitude,positional_accuracy,private_place_guess,private_latitude,private_longitude,public_positional_accuracy,geoprivacy,taxon_geoprivacy,coordinates_obscured,positioning_method,positioning_device,species_guess,scientific_name,common_name,iconic_taxon_name,taxon_id
89249179,b6fb9a42-00b9-4061-b8a4-07f3f4b98cde,Fri Jul 30 2021 12:10:21 GMT-0400 (EDT),2021-07-30,2021-07-30 16:10:21 UTC,Eastern Time (US & Canada),1388109,mcdonoughm,,2021-07-30 22:13:33 UTC,2021-11-08 00:47:10 UTC,research,,https://www.inaturalist.org/observations/89249179,https://static.inaturalist.org/photos/147363088/medium.jpg,,"","",1,0,false,3,"Oxford County, US-ME, US",44.3318946753,-70.75174517,98,,,,98,,open,false,,,Scaly Chanterelle,Turbinellus floccosus,Scaly Chanterelle,Fungi,417398
89426371,f34fa859-d846-4c23-8914-d0addffb5b30,Fri Jul 30 2021 11:49:02 GMT-0400 (EDT),2021-07-30,2021-07-30 15:49:02 UTC,Eastern Time (US & Canada),1388109,mcdonoughm,,2021-08-01 02:53:30 UTC,2021-08-01 02:53:59 UTC,needs_id,,https://www.inaturalist.org/observations/89426371,https://static.inaturalist.org/photos/147673169/medium.jpg,,"","",0,0,false,3,"Greenwood, ME, US",44.332745,-70.75595,10,,,,10,,open,false,,,"",Turbinellus floccosus,Scaly Chanterelle,Fungi,417398
89427134,75582e04-5e12-4dd8-8a62-f05660d241bb,Fri Jul 30 2021 11:50:18 GMT-0400 (EDT),2021-07-30,2021-07-30 15:50:18 UTC,Eastern Time (US & Canada),1388109,mcdonoughm,,2021-08-01 03:01:47 UTC,2023-07-24 14:40:15 UTC,needs_id,,https://www.inaturalist.org/observations/89427134,https://static.inaturalist.org/photos/147674528/medium.jpg,,"","",1,0,false,3,"Greenwood, ME, US",44.332425,-70.7562866667,200,,,,200,,,false,,,Coral Fungi,Ramaria,Coral Fungi,Fungi,48707
92010914,3707c4d1-5673-47a7-8ca0-441097e8fb2c,2021-08-21 10:02:35,2021-08-21,2021-08-21 14:02:35 UTC,Eastern Time (US & Canada),4282247,varsha_desai,Varsha Desai,2021-08-21 20:14:25 UTC,2021-08-21 20:14:45 UTC,needs_id,,https://www.inaturalist.org/observations/92010914,https://static.inaturalist.org/photos/152278123/medium.jpeg,,"",,0,0,false,2,"South Oxford, ME 04217, USA",44.3342859722,-70.7593109722,,,,,,,,false,gps,gps,Waxcaps,Hygrocybe,Waxcaps,Fungi,51871
94475500,61a8ae37-9ade-4d49-88a3-a8c43b55760f,Sat Sep 11 2021 13:55:44 GMT-0400 (EDT),2021-09-11,2021-09-11 17:55:44 UTC,Eastern Time (US & Canada),2261632,pellison,,2021-09-11 19:03:24 UTC,2021-09-11 19:03:53 UTC,needs_id,CC-BY-NC,https://www.inaturalist.org/observations/94475500,https://inaturalist-open-data.s3.amazonaws.com/photos/156721534/medium.jpg,,"","",0,0,false,3,"Greenwood, ME, US",44.3306883333,-70.75055,4,,,,4,,,false,,,"",Dacrymyces chrysospermus,Orange Jelly Spot,Fungi,118028
94494776,b33beb9e-0df9-4d9a-aa68-f9d1b3ceb0d2,Sat Sep 11 2021 14:08:51 GMT-0400 (EDT),2021-09-11,2021-09-11 18:08:51 UTC,Eastern Time (US & Canada),2261632,pellison,,2021-09-11 21:27:20 UTC,2023-07-23 21:10:06 UTC,needs_id,CC-BY-NC,https://www.inaturalist.org/observations/94494776,https://inaturalist-open-data.s3.amazonaws.com/photos/156756991/medium.jpg,,"","",2,0,false,3,"Greenwood, ME, US",44.332675,-70.755705,4,,,,4,,,false,,,Coral Fungi,Ramaria,Coral Fungi,Fungi,48707
97839282,d99e1f37-9ecc-4351-9efe-ef17fcde1f8c,Fri Oct 08 2021 15:08:40 GMT-0400 (EDT),2021-10-08,2021-10-08 19:08:40 UTC,Eastern Time (US & Canada),1380971,jeffi,,2021-10-10 23:35:54 UTC,2021-10-11 12:13:26 UTC,research,,https://www.inaturalist.org/observations/97839282,https://static.inaturalist.org/photos/162782489/medium.jpg,,"","",1,0,false,3,"Greenwood, ME, US",44.33355,-70.7580033333,4,,,,4,,open,false,,,striped maple,Acer pensylvanicum,striped maple,Plantae,48095
